date,yt_pred_time_trend_1_dummy,yt_pred_time_trend_2_dummy,yt_pred_time_trend_3_dummy,yt_true,yt_pred_time_trend_3_fourier,yt_pred_mlp_8,yt_pred_stacked_mlp,yt_pred_d1d13_ar13,yt_pred_d1d12_mlp
1946-01-01,1095.0249999999992,1444.1986161805082,1197.3892389014286,890,1138.2402635831295,,,,
1946-02-01,1077.3934210526309,1417.7272045877285,1182.2558001361886,992,1250.669280520081,,,,
1946-03-01,1214.0776315789465,1545.5715803337546,1321.1474334396944,979,1282.0046880942157,,,,
1946-04-01,1322.1302631578938,1644.784376276877,1431.1167703908914,959,1425.2150843147756,,,,
1946-05-01,1385.0249999999992,1698.8392767431906,1495.6374952003075,1110,1564.7241622380184,,,,
1946-06-01,1539.4986842105254,1844.4731228817627,1651.4464499732055,1546,1531.9319146678708,,,,
1946-07-01,1929.709210526315,2225.843808421345,2042.701529446428,1539,2199.8856639478377,,,,
1946-08-01,3034.4986842105254,3321.7934352765706,3148.244838883133,3401,2989.310342888404,,,,
1946-09-01,2284.709210526315,2563.1641266766205,2398.9184835464785,2092,2535.8518322346954,,,,
1946-10-01,1815.6565789473675,2085.2716571629967,1930.038252910147,1436,1845.1812415880072,,,,
1946-11-01,1636.130263157894,1896.9055003584465,1750.3936206583508,1301,1778.8667492289185,,,,
1946-12-01,1397.6039473684202,1649.5393429107262,1511.4582710016157,1287,1539.990175227189,,,,
1947-01-01,1220.817543859648,1464.4041988594977,1362.5325221780915,1488,1302.454767202868,,,,
1947-02-01,1203.1859649122798,1438.9149915567707,1344.9249807775204,1517,1412.430127355231,1260.8287581197685,1205.9091766608765,,
1947-03-01,1339.8701754385957,1567.7415715928491,1481.3748133795773,1707,1441.3439891327437,1360.0203665067074,1282.332378189538,,
1947-04-01,1447.922807017543,1667.9365718260244,1588.9346515632071,1729,1582.1649505446485,1434.927683025829,1273.4332926946763,,
1947-05-01,1510.817543859648,1722.9736765823905,1651.078179538939,1788,1719.3167046472026,1488.115979613748,1335.6017470015547,,
1947-06-01,1665.2912280701746,1869.589727011016,1804.542239412034,2008,1684.1992442443334,1665.9033804755438,1497.3697155066302,,
1947-07-01,2055.501754385964,2251.9426168406503,2193.484725919336,2203,2349.859891679545,1959.1560238786856,1863.9579449148584,,
1947-08-01,3160.291228070175,3348.874447985928,3296.747744324003,3713,3137.023579763322,2746.7774581373724,2894.159199623362,,
1947-09-01,2410.501754385964,2591.2273436760306,2545.1733998891914,2946,2681.336189240792,2630.7031288445523,2863.7753410396167,,
1947-10-01,1941.4491228070167,2114.31707845246,2074.077482088586,2082,1988.4688297132489,2093.597527732729,2029.6152359782664,,
1947-11-01,1761.9228070175432,1926.933125937962,1892.2494646063976,2033,1919.9896794612712,1741.7666614193506,1480.9424720209263,,
1947-12-01,1523.3964912280694,1680.5491727802942,1651.1630316531523,1937,1678.98055855462,1677.8859347553462,1537.454216226242,,
1948-01-01,1346.610087719297,1496.3962330191184,1500.1185014670004,1711,1439.3447146133435,1753.5357886832237,1652.0117303249667,,
1948-02-01,1328.978508771929,1471.889230006444,1480.4244806376837,1775,1547.251749836718,1739.4375679355717,1669.055356603779,,
1948-03-01,1465.6627192982446,1601.698014332575,1614.8201357448766,1902,1574.129397673209,1888.1827194795085,1883.1534693139088,1972.255844928933,1926.0496447515152
1948-04-01,1573.715350877192,1702.875218855803,1720.3580983675251,1846,1712.9462561320586,1983.3162362584408,1939.4147306052548,1965.2077776186552,1887.2497140495148
1948-05-01,1636.610087719297,1758.8945279022216,1780.512052716157,2083,1848.1260182695244,1983.9057651298165,1892.82407431129,2015.5355067383657,1863.4183278324908
1948-06-01,1791.0837719298238,1906.492782620899,1932.0188408960348,2262,1811.0686768895328,2158.2066304630985,2084.893448401107,2424.4744858631075,2265.4727309741393
1948-07-01,2181.2942982456134,2289.8278767405864,2319.036357644002,2193,2474.821554335589,2554.7160044305515,2533.9061811109787,2359.073541826468,2415.9099108447663
1948-08-01,3286.083771929824,3387.741912175917,3420.4067082232154,3792,3260.109583418178,3127.638201003202,3224.9487829434306,3968.0454167379567,3664.9418672998054
1948-09-01,2536.2942982456134,2631.077012156072,2666.971997896833,2343,2802.578644882426,3252.58707489919,3492.9799395664727,2808.073884261493,2984.137382679619
1948-10-01,2067.241666666666,2155.148951222554,2194.0480161385385,2313,2107.899848329628,2329.5981921141965,2224.277276172518,1778.0672838479368,1437.8881294894472
1948-11-01,1887.715350877192,1968.7472029981088,2010.424236632544,2179,2037.6413720403607,2212.2246239161755,2132.686406582888,2014.340903926257,2225.0459394036116
1948-12-01,1649.1890350877184,1723.3454541304936,1767.5743435893737,1975,1794.885036084388,2040.1687921261075,2016.65124398696,2064.639740338306,2045.7245091726477
1949-01-01,1472.4026315789465,1540.1747186593702,1614.798655247179,1880,1553.5340880817566,1933.985643342884,1838.4356306677507,1946.737616686484,1704.6241813906172
1949-02-01,1454.7710526315782,1516.6499199367486,1593.4057781957015,1930,1659.7581302317426,1924.1423549711635,1896.268407631129,1920.0382763384189,1902.8991330630233
1949-03-01,1591.4552631578938,1647.4409085529323,1726.134879014617,2060,1684.9848959828114,2053.185689511821,2049.0046827920346,1982.7815379669228,2018.8474781187151
1949-04-01,1699.507894736841,1749.6003173662127,1830.0385892828683,1843,1822.182983344206,2121.548427216812,2077.0926070099395,2044.2205330800784,1966.9025076717985
1949-05-01,1762.4026315789465,1806.601830702684,1888.5905932109863,2052,1955.776085372183,2138.687668806006,2074.2585815882453,2085.3814693783934,2040.8154228500416
1949-06-01,1916.8763157894728,1955.182289711414,2038.5277329042324,2039,1917.16419487067,2266.9621484368,2213.790710950878,2220.651094997744,2189.644815341353
1949-07-01,2307.0868421052623,2339.499588121154,2424.0079030994493,2351,2579.39463418317,2466.5137574813493,2433.34039241493,2249.044692701502,1931.9628214173354
1949-08-01,3411.8763157894728,3438.395827846537,3523.8732090597955,3394,3363.1923361201707,3112.618594561917,3251.9181201241045,3762.607581117477,3909.9215692619655
1949-09-01,2662.0868421052623,2682.713132116745,2768.965756048427,3581,2904.203181426797,2846.6459543004885,3016.640934569318,2548.4353384914266,1907.1780330123229
1949-10-01,2193.034210526315,2207.76727547328,2294.6013335390294,2489,2208.098279704343,2984.59422344035,3097.2310394574856,2640.605934145344,3519.3448277620664
1949-11-01,2013.5078947368413,2022.3477315388864,2109.569415215813,2468,2136.4458092333884,2447.2105980837378,2336.367524001349,2469.6987478975752,2323.4895344115284
1949-12-01,1774.9815789473676,1777.9281869613242,1865.3436852893035,2134,1892.3275900836927,2239.320614258432,2176.2384981414443,2226.1934964846605,2219.070577977526
1950-01-01,1598.1951754385957,1595.7396557802535,1711.2244619976518,1903,1649.6468698753065,2070.482450931117,1995.8158248486693,2046.4588016074367,2002.4748894882382
1950-02-01,1580.5635964912271,1573.1970613476842,1688.5203519305992,1719,1754.5732508075037,2033.9567299616108,1989.7650353954864,1992.470344726052,1915.0539780956979
1950-03-01,1717.247807017543,1704.9702542539203,1819.9705216678208,1617,1778.5344663287506,2029.406107196107,2031.4423562616853,2074.5844593709207,1810.0252129783798
1950-04-01,1825.3004385964905,1808.1118673572537,1922.6276027882625,1818,1914.49911444829,1992.454722139906,1940.6552377093008,1683.141804259445,1357.509379626962
1950-05-01,1888.195175438596,1866.0955849837776,1979.9652795024515,2067,2046.8908882223784,2110.011671374649,2077.5738377445814,1980.5450024229008,1986.5326322385736
1950-06-01,2042.668859649122,2015.65824828256,2128.7203939156507,2457,2007.109780454943,2224.1421048950897,2178.556972238541,2195.6997235199237,2023.2119432086447
1950-07-01,2432.879385964912,2400.957750982353,2513.050840764703,2600,2668.2031134894887,2698.725168540334,2700.5676431352467,2317.670010183856,2729.258623732332
1950-08-01,3537.668859649122,3500.8361949977884,3611.798725312767,3530,3450.8958201365,3306.456967995082,3381.338698258829,3950.114521213785,3612.1437164702256
1950-09-01,2787.879385964912,2746.135703558049,2855.8061528229982,2693,2990.8337811411043,3577.912782447562,3732.599047539773,2955.789534250798,3674.0454345615444
1950-10-01,2318.8267543859643,2272.172051204636,2380.388912769082,2448,2293.688106104595,2725.543317076077,2701.1937008081413,2185.362043995556,1562.8286294956051
1950-11-01,2139.3004385964905,2087.734711560296,2194.336478835229,2250,2221.026973307552,2495.276899870172,2469.363887306733,2356.6332822085787,2380.871070154204
1950-12-01,1900.7741228070167,1844.2973712727853,1949.122535231966,1972,1975.9322028197348,2192.076661085717,2177.622693083818,2083.927275864969,1880.782038651816
1951-01-01,1723.9877192982449,1663.091044381768,1794.0474001974424,1682,1732.3070422611927,2002.6536193907416,1950.775958453626,1834.4339849892565,1698.8347702868941
1951-02-01,1706.3561403508763,1641.5306542392514,1770.4196803214004,1730,1836.321093831201,1840.2046706665635,1781.490203186397,1632.151266373402,1456.1350227669136
1951-03-01,1843.040350877192,1774.2860514355402,1900.9785421835145,1814,1859.4020909782264,1878.8975871882808,1831.8217273083767,1650.0431531642243,1591.0827566140788
1951-04-01,1951.09298245614,1878.409868828926,2002.77661736273,1900,1994.51863171151,2021.392437881441,1963.8622641446325,1735.5211881898465,1981.6270840454417
1951-05-01,2013.9877192982449,1937.3757907455024,2059.287590069576,2051,2126.09440908731,2188.512920383572,2144.152572075087,2059.4323092802038,2114.699481869694
1951-06-01,2168.461403508771,2087.920658334337,2207.248302409313,2290,2085.5294159095524,2435.181010205791,2411.9987252096803,2243.0639720915115,2399.3102258622666
1951-07-01,2558.6719298245607,2474.2023653241827,2590.816649118787,2599,2745.870974521743,2744.4341156470264,2769.0959779411096,2505.690404479523,2396.5596318112184
1951-08-01,3663.461403508771,3575.063013629672,3688.834735461153,3428,3527.844017734365,3174.0527430359903,3294.647160296792,3447.2218188010147,3485.8732154984755
1951-09-01,2913.6719298245607,2821.3447264799843,2932.14466669957,2262,3067.094426292548,3072.884291689687,3229.347003890204,3216.806776688809,2553.471171557675
1951-10-01,2444.619298245613,2348.363278416624,2456.0622323077205,2242,2369.293309797584,2483.550921091401,2411.6696728695115,2018.5965940809676,1971.832790344134
1951-11-01,2265.0929824561395,2164.908143062336,2269.376905969817,2103,2296.0088465300514,2264.6624653623826,2225.986411534261,1945.350122515054,2011.906079328326
1951-12-01,2026.5666666666657,1922.4530070648789,2023.5623718963857,1825,2050.3228565597124,2022.963487717205,1997.8971869980016,1810.473888536565,1788.6269865216896
1952-01-01,1849.7802631578936,1742.2288844639131,1867.9189483255752,1670,1806.138587506615,1861.1704305361427,1764.9384968070974,1564.454436928192,1498.6233230197545
1952-02-01,1832.1486842105253,1721.6506986114496,1843.755241847129,1681,1909.625641570035,1841.2098938175805,1792.8236390046302,1574.520393196577,1681.46926318212
1952-03-01,1968.832894736841,1855.388300097791,1973.8104190407205,1713,1932.2117521984376,1931.991998367332,1891.2066494756853,1586.8698042319584,1728.1090612599678
1952-04-01,2076.8855263157884,1960.4943217812288,2075.137111485296,1954,2066.8655174010664,1986.95592812284,1919.1028244791275,1792.4934808245737,1761.3966541436248
1952-05-01,2139.780263157894,2020.4424479878585,2131.209003391384,1876,2198.0106302341774,2135.943013850512,2108.3941124616217,2064.0757810885334,2066.101766494521
1952-06-01,2294.25394736842,2171.969519866746,2278.7629368642456,2272,2157.0470835016986,2269.715557738094,2207.8093877538104,2292.972049805392,2075.1671450320846
1952-07-01,2684.4644736842097,2559.233431146644,2661.9568066407246,2612,2817.0221995471334,2684.394358505219,2733.6900191222726,2496.1662001117747,2542.912595390935
1952-08-01,3789.25394736842,3661.076283742185,3759.63271798398,3590,3598.660911180967,3034.7348630131005,3180.8044930512915,3402.31706455876,3404.2509184408864
1952-09-01,3039.4644736842097,2908.3402008825506,3002.632776157166,2496,3137.6090991483275,2886.170529707978,3044.3978895033088,2527.949162726716,2386.925616540566
1952-10-01,2570.4118421052626,2436.3409571092425,2526.272770633969,2441,2439.537873050508,2457.412065039796,2393.7043620233767,2391.274556499628,2439.75006286389
1952-11-01,2390.885526315789,2253.868026045008,2339.342175098601,2340,2366.0154111680868,2268.8184241257354,2220.647157778897,2195.558485689039,2266.447247696229
1952-12-01,2152.359210526315,2012.395094337603,2093.3146737615853,2090,2120.123533570826,2050.985174066736,2018.2979385608187,2020.759905111632,2026.2695548128067
1953-01-01,1975.5728070175428,1833.1531760266903,1937.490584861074,1812,1875.7654878787728,1941.2403823671848,1864.1554159885368,1841.8684165104205,1899.4912266596425
1953-02-01,1957.9412280701745,1813.5571944642788,1913.1785149868083,1788,1979.110876291204,1874.60763595522,1816.670486556126,1852.2640728521565,1785.680339791339
1953-03-01,2094.6254385964903,1948.277000240673,2043.1176307184635,1837,2001.587432256585,1953.9523878268485,1912.3950347339205,1915.464999225719,1782.7760162474615
1953-04-01,2202.678070175438,2054.365226214164,2144.360563634984,1993,2136.163753784159,2052.159336276746,2005.720384707393,2021.0194374229975,2040.4598131588218
1953-05-01,2265.572807017543,2115.2955567108456,2200.380997946899,2021,2267.263533930181,2106.0136949694065,2054.827335105388,2065.683179986679,1878.8823790057395
1953-06-01,2420.046491228069,2267.804832879786,2347.91577575947,2199,2226.28676549858,2347.070659818835,2295.872143032576,2381.239722657475,2379.6677918888254
1953-07-01,2810.257017543858,2656.050948449736,2731.122791809541,2622,2886.280770832859,2725.7064562485552,2744.808213166379,2609.9441725559764,2502.3814918682037
1953-08-01,3915.0464912280695,3758.87600533533,3828.844151360269,3787,3667.970482743504,3177.8127733100177,3314.04978057198,3529.749554751544,3562.8670645633956
1953-09-01,3165.257017543858,3007.1221267657484,3071.921959674811,2914,3207.001781975643,3138.6287775133114,3318.887698707524,2554.2235968120904,2658.2049218104366
1953-10-01,2696.204385964911,2536.1050872824926,2595.6720062268523,2487,2509.045778130568,2807.7356996866624,2800.505973695462,2726.686745161452,2823.4722302575283
1953-11-01,2516.678070175438,2354.6143605083107,2408.8837647006035,2314,2435.6706494888585,2485.070490895869,2428.4612879268507,2482.9406570020947,2346.306580140659
1953-12-01,2278.151754385964,2114.1236330909587,2163.03091930659,2139,2189.958216120275,2199.950082345503,2166.385387604842,2056.640816530725,2022.9697407527565
1954-01-01,2101.365350877192,1935.8639190700983,2007.4137882829632,2124,1945.8117256448672,2028.9013016174065,1971.42141855653,1891.643382800355,1823.4797567884925
1954-02-01,2083.733771929824,1917.25014179774,1983.3409782194635,2214,2049.4007802619094,2033.037079970019,2026.1910545552696,2047.092538308435,2064.485182565391
1954-03-01,2220.41798245614,2052.9521518641864,2113.5516556957664,2234,2072.153113419868,2174.380675377069,2188.848615258069,2188.910692110557,2226.4006779970173
1954-04-01,2328.470614035087,2160.02258212773,2215.098452290818,2279,2207.037323127986,2286.803059071249,2266.3896934127674,2397.59239757924,2352.122449476591
1954-05-01,2391.365350877192,2221.935116914464,2271.4550522151453,2423,2338.47710244252,2315.142286720397,2265.411107100131,2251.754149424397,2268.2185590246163
1954-06-01,2545.8390350877185,2375.426597373457,2419.358297574011,2290,2297.872444167396,2499.836850700852,2447.1650391086528,2605.205970226212,2565.8619716450103
1954-07-01,2936.049561403508,2764.65491723346,2802.966083104259,2903,2958.270670646121,2829.5950049824355,2804.061520873573,2862.1593079036884,2674.277827797877
1954-08-01,4040.83903508772,3868.4621784091055,3901.120514069046,4485,3740.396714689177,3470.152845207705,3597.9199930266395,3981.396229431487,4032.4244751788383
1954-09-01,3291.049561403508,3117.6905041295768,3144.663695731529,3085,3279.896457041694,3673.9962981629214,3872.9269081491975,3287.061570222675,3578.824075375662
1954-10-01,2821.9969298245605,2647.6556689363742,2668.911417565393,2852,2582.4410073049626,2987.9649928185554,2943.684387109552,2942.9117598776284,2619.307587847654
1954-11-01,2642.4706140350872,2467.1471464522447,2482.6531532548497,2629,2509.598543759565,2676.099494107128,2617.409691671753,2725.3903657133005,2638.247975982541
1954-12-01,2403.944298245613,2227.638623324945,2237.362587010424,2435,2264.45088647526,2443.885240448425,2406.714500256828,2468.03760941908,2419.0397735099405
1955-01-01,2227.157894736841,2050.3611135941374,2082.340037070266,2227,2020.901283072096,2363.956025364919,2329.934162620479,2317.5283871793417,2384.7066654321407
1955-02-01,2209.526315789473,2032.729540611832,2058.894110024118,1944,2125.11933574935,2325.6775048387112,2333.4940390187808,2340.9693424101124,2280.7609346313748
1955-03-01,2346.210526315788,2169.4137549683305,2189.763972451656,2125,2148.5327779554864,2325.7768251266166,2315.9242316487475,2142.592934682514,1920.7045226493192
1955-04-01,2454.263157894736,2277.466389521927,2292.0022559318218,2260,2284.110207699749,2439.76092366238,2433.300986495944,2276.4975961192904,2131.3817480372963
1955-05-01,2517.157894736841,2340.361128598713,2349.082644675147,2299,2416.275318038394,2506.563989268156,2495.5662249826346,2357.0249417504992,2367.07236626786
1955-06-01,2671.6315789473674,2494.83481334776,2497.741980786893,2323,2376.4281017753483,2571.794534825655,2489.2800867127858,2347.4866481199406,2126.1053455940746
1955-07-01,3061.842105263157,2885.045337497815,2882.1381590039027,2659,3037.615881254117,3131.217731142353,3110.931701665117,2907.7742384582943,2897.8383659660713
1955-08-01,4166.631578947367,3989.8348029635135,3981.1132845893344,3761,3820.563589285185,3754.421975214944,3838.05671924993,4038.965598575899,4201.126857440494
1955-09-01,3416.842105263157,3240.045332974037,3225.5094628063443,2779,3360.917106613679,3511.0659716520327,3662.3643359255448,2743.660015664742,2319.006149540981
1955-10-01,2947.789473684209,2770.992702070887,2750.6424831286167,2761,2664.347542840893,3020.8995821312537,3010.138836729269,2463.58547505373,2504.066223863534
1955-11-01,2768.263157894736,2591.46638387681,2565.301819240364,2446,2592.4230762474062,2805.4576845698434,2810.4035509360115,2441.98325304631,2502.5168669468385
1955-12-01,2529.7368421052624,2352.940065039564,2320.961155352111,2278,2348.225526902979,2515.250351415169,2511.828518927323,2272.578167906351,2211.4674019857957
1956-01-01,2352.95043859649,2176.644759598808,2166.920809702008,1879,2105.65814242766,2304.385953692786,2280.0399452592205,2063.447005838523,2027.2643983615962
1956-02-01,2335.318859649122,2159.9953909065543,2144.4893888797965,1881,2210.8905250207245,2077.8962221637594,2024.8083840048007,1821.3105596980467,1553.7857770684868
1956-03-01,2472.0030701754376,2297.661809553106,2276.406059465153,2165,2235.35040813064,2206.753643751831,2197.4447551124586,1944.7964647125275,2025.146232394461
1956-04-01,2580.055701754385,2406.696648396756,2379.7234530370206,2199,2372.0063897666464,2380.812380307343,2404.223831950189,2142.3483179261366,2265.165504155204
1956-05-01,2642.95043859649,2470.573591763595,2437.915253805929,2308,2505.2821629850027,2421.2434247347323,2413.080643194861,2292.6481602948625,2198.643085226663
1956-06-01,2797.424122807017,2626.029480802693,2587.7183038771404,2529,2466.577720589635,2532.013347209394,2488.5244332262905,2228.112918046335,2293.3254092735024
1956-07-01,3187.634649122806,3017.222209242801,2973.290497987497,2573,3128.940384924049,2957.702340982496,2976.3122812425186,2774.352124124238,2828.197313496232
1956-08-01,4292.424122807017,4122.993878998552,4073.4739414001583,3946,3913.095088798728,3325.365659051211,3406.807220003607,4060.843442770123,3635.9859821580912
1956-09-01,3542.634649122806,3374.186613299128,3319.11073937828,3200,3454.6877129587992,3400.2590234414592,3576.161313368269,2806.723760822857,2927.25330353965
1956-10-01,3073.582017543859,2906.116186686031,2845.5166813955466,2574,2759.389367005558,3125.9280195888737,3163.217424095913,2876.90077444511,3150.773692761102
1956-11-01,2894.055701754385,2727.572072782006,2661.4812411361686,2422,2688.768229219582,2644.655755118025,2584.352714553315,2486.6485372491134,2220.9850902811995
1956-12-01,2655.5293859649114,2490.027958234812,2418.478102810674,2446,2445.906119670633,2365.256304560589,2348.387861389081,2227.893366873413,2214.1951078477796
1957-01-01,2478.7429824561395,2314.71485708411,2265.8075846572115,2828,2204.7062859787584,2209.9319194209165,2185.179672707968,2091.8702211722702,2013.1088430786695
1957-02-01,2461.1114035087708,2299.0476926819088,2244.7782932655223,2879,2311.3383303432342,2396.6857138532423,2448.903042626643,2407.069535848132,2799.793246121806
1957-03-01,2597.795614035087,2437.6963156185134,2378.129395215283,2800,2337.229986212527,2644.43816991807,2700.4151369310034,2905.136984827648,3132.1258777540716
1957-04-01,2705.848245614034,2547.713358752215,2482.913522085437,2835,2475.349851595878,2707.216070106064,2694.903124787476,2853.957148452494,2792.8030470769945
1957-05-01,2768.7429824561395,2612.5725064091066,2542.6043580865144,2585,2610.121619549546,2760.9019718165614,2732.732582005641,2897.5513764678635,2907.7133962417593
1957-06-01,2923.216666666666,2769.010599738257,2693.938745323776,2787,2572.9452828774565,2735.434636675598,2659.6898078148383,2817.8779052974987,2770.0395253719726
1957-07-01,3313.4271929824554,3161.1855324684184,3081.0745785340664,3334,3236.868163923114,3037.611242141992,3023.917481850935,3066.490056054574,2794.2682633492996
1957-08-01,4418.216666666666,4267.939406514222,4182.853962980542,4746,4022.6151954970046,3794.098203268122,3884.9026273460254,4598.273226424708,4673.783806836753
1957-09-01,3668.427192982456,3520.114345104851,3430.11900392636,3613,3565.832258344254,3972.813147176359,4106.600753538058,3770.81687168409,3965.558286897667
1957-10-01,3199.374561403508,3053.026122781806,2958.185490845206,3463,2872.190462066157,3317.438892245936,3278.386154500387,3358.173752999255,2949.400064929272
1957-11-01,3019.8482456140346,2875.4642131678343,2775.842897421291,3274,2803.2579849432927,3089.131054134892,3029.660385678864,3140.227955865856,3273.7428461289637
1957-12-01,2781.3219298245604,2638.9023029106925,2534.5649078651386,2801,2562.116647045421,3011.887588220732,2966.9218768136325,3198.6634411760806,3268.577951805244
1958-01-01,2604.5355263157885,2464.5714060500427,2383.651840414901,2488,2322.669695992591,2950.3760707935107,2920.5510497589303,3015.6472338982257,3147.1023577549004
1958-02-01,2586.90394736842,2449.886445937894,2364.41230166032,2386,2431.086733984079,2812.294607818969,2799.3892474652616,2715.9089328706305,2495.965443831541
1958-03-01,2723.588157894736,2589.517273164552,2499.58545818107,2428,2458.7954944683493,2806.0963291527178,2821.5219132565253,2707.301458926191,2261.7675731257723
1958-04-01,2831.640789473683,2700.5165205883054,2606.223941556096,2678,2598.7645754546447,2840.7696325252227,2845.802993299504,2657.630920441685,2422.052267139613
1958-05-01,2894.5355263157885,2766.35787253525,2667.801435995928,2744,2735.417669999224,2854.96546394912,2838.562465056755,2613.690048175185,2389.614996762837
1958-06-01,3049.009210526315,2923.7781701544536,2821.054783605826,2772,2700.154770906012,3102.7329683230723,3042.371757274882,2952.827128616708,2906.780124947314
1958-07-01,3439.2197368421043,3316.935307174667,3210.1418791226333,3520,3366.023200518514,3622.677665454789,3565.8739863939213,3085.3079625306946,3281.226799959013
1958-08-01,4544.009210526315,4424.671385510524,4313.904827809509,3833,4153.747891647216,4291.748214663574,4285.592189263007,4557.493740505441,4894.646201631156
1958-09-01,3794.219736842104,3677.8285283912046,3563.1857349296106,3377,3698.974725037243,3953.5217687580607,3974.076873185364,3274.4537088830198,2653.614921859158
1958-10-01,3325.167105263157,3211.7225103582123,3093.30038995662,3013,3007.37481028989,3688.948744142144,3676.39863652976,2906.6835564745124,3183.2101462888986
1958-11-01,3145.6407894736835,3035.142805034293,2913.038266574752,2871,2940.516325685737,3315.070435048789,3313.836157474833,2852.617668510902,2786.8259848868493
1958-12-01,2907.1144736842098,2799.5630990672043,2673.8730489945283,2592,2701.481091294544,2929.474858766748,2943.2135585103747,2579.71740776787,2350.033588754788
1959-01-01,2730.328070175437,2626.214406496607,2525.1050554541007,2375,2464.172354736358,2639.9219750397187,2630.385082549272,2609.4389480750306,2234.4089888668877
1959-02-01,2712.696491228069,2612.511650674511,2508.042892543213,2304,2574.7597182104564,2533.8365956968164,2520.811562570272,2358.9496750089147,2231.428895589892
1959-03-01,2849.380701754385,2753.124682191221,2645.4257268415386,2464,2604.670915165305,2602.3616225095875,2591.705324161954,2262.9825896095645,2310.4518836565258
1959-04-01,2957.4333333333325,2865.1061339050275,2754.306189928022,2557,2746.8745436101453,2799.8259956982624,2810.6061060832194,2511.748669102959,2680.2500297711467
1959-05-01,3020.328070175437,2931.929690142025,2818.157966013192,2739,2885.7942966012347,2877.6455282884067,2865.2400590837733,2421.826462673021,2583.8061864724987
1959-06-01,3174.801754385964,3090.332192051281,2973.717897202311,2714,2852.8301669425005,3102.640008328244,3081.9004744080444,2771.0584830533,2732.6587222234575
1959-07-01,3565.0122807017533,3484.471533361547,3365.143878232223,3102,3521.029476977448,3506.67641622885,3503.618588241988,3294.38921096169,3419.1960176756957
1959-08-01,4669.801754385964,4593.189815987456,4471.278014366084,3961,4311.11715951656,3706.876170473379,3758.0948880279625,4096.696249395777,3375.088129073898
1959-09-01,3920.0122807017538,3847.3291631581897,3722.9624108670528,3772,3858.7390953049658,3787.628988835105,3884.399011893373,3243.8098446354616,3465.0494345116604
1959-10-01,3450.9596491228062,3382.20534941525,3255.5128572088133,3245,3169.5663939439582,3581.6387678457595,3622.044721303994,3226.7241118635084,3379.556128407441
1959-11-01,3271.4333333333325,3206.607848381383,3077.718827075576,3104,3105.167233714116,3227.395157250613,3214.554128985458,3136.503953173662,3065.8349655739075
1959-12-01,3032.9070175438587,2972.010346704347,2841.054004677866,2869,2868.6234346852,2933.325402428933,2933.322067998999,2693.5769136677945,2788.7427198482146
1960-01-01,2856.120614035087,2799.643858423802,2694.818708253836,2513,2633.838244477259,2697.695857293647,2684.0772938156624,2496.7203729793346,2617.0899942485485
1960-02-01,2838.4890350877185,2786.9233068917592,2680.3215443932263,2385,2746.981265289568,2548.4546689281988,2517.177722978664,2474.9297271366595,2407.362034509668
1960-03-01,2975.1732456140344,2928.5185426985213,2820.301679675712,2756,2779.4802305705944,2607.303089565304,2601.625780871336,2536.353133182487,2507.228284779476
1960-04-01,3083.225877192981,3041.4821987023806,2931.811745680237,2927,2924.3037383295787,2857.9722013731684,2894.760340498889,2860.1896413747427,2812.4922199108914
1960-05-01,3146.120614035087,3109.2879592294303,2998.3254266173326,2940,3065.87548162278,3038.7646082029955,3055.517673387243,3068.0907629429967,3073.9422086982477
1960-06-01,3300.594298245613,3268.672665428739,3156.579564592258,3180,3035.595453254124,3115.183068841626,3074.59995614965,2925.468997796253,2877.3216280436536
1960-07-01,3690.804824561402,3663.794211029058,3550.732054341859,3791,3706.510975567116,3546.060511834049,3519.4850199687285,3659.8518246975273,3532.371411167922
1960-08-01,4795.594298245614,4773.49469794502,4659.625001129292,4093,4499.346981372239,4119.843438093833,4120.807627056549,4369.986949818151,4617.18633142305
1960-09-01,4045.804824561402,4028.616249405806,3914.100510217713,4309,4049.749351414622,4083.878202258272,4091.5857963455487,3852.532619190846,3868.5676808741828
1960-10-01,3576.752192982455,3564.4746399529186,3449.474371080808,3532,3363.3891952955582,3933.3221929268257,3946.670133226011,3658.159265917131,3745.203337351315
1960-11-01,3397.225877192982,3389.8593432091047,3274.536057402788,3408,3301.834691295627,3524.977976853388,3488.680763231211,3519.8667358157945,3353.480470207096
1960-12-01,3158.699561403508,3156.244045822121,3040.7592533941784,2839,3068.167659484589,3208.6409922094062,3206.186158580578,3169.9706993263358,3134.9879624426103
1961-01-01,2981.913157894736,2984.859761831629,2897.444277293129,2792,2836.291347482492,2762.7238613661325,2711.545270048491,2723.2670553641456,2443.7058052667626
1961-02-01,2964.2815789473675,2973.1214145896383,2885.899735689384,2798,2952.375357488613,2731.545908249515,2711.53240331519,2658.561616784177,2625.69615508919
1961-03-01,3100.965789473684,3115.698854686453,3028.8647951626144,3007,2987.8474229514177,2959.2364317798324,2961.2915157076045,3067.374063412337,3135.9360534851676
1961-04-01,3209.0184210526304,3229.644714980365,3143.392087291768,3086,3135.676141880146,3179.737601065583,3190.492944016009,3119.961552508722,3140.8182704120727
1961-05-01,3271.9131578947363,3298.4326797974672,3212.955296287372,3201,3280.285207331058,3300.236660985464,3262.513300096862,3206.9284323851757,3058.9516114105854
1961-06-01,3426.3868421052625,3458.799590286829,3374.2912642546908,3428,3253.07461210808,3566.009828370394,3506.8735765538217,3341.1050136827344,3404.804301761512
1961-07-01,3816.597368421052,3854.9033401772,3771.5578859305656,3754,3927.091678554716,3973.129857955104,3909.720634159669,3821.3504618258376,4001.8704251855306
1961-08-01,4921.386842105262,4965.586031383215,4883.597266578154,4917,4723.06133948145,4239.829185864329,4181.346276780446,4432.251998404896,4016.752285634195
1961-09-01,4171.597368421051,4221.689787134053,4141.251511460614,3760,4276.629475633412,4585.936468135064,4534.417102189751,4696.851113640492,5094.603236924373
1961-10-01,3702.5447368421046,3758.530381971219,3679.83641005163,3609,3593.467196611892,3952.092895391249,3869.4679941613176,3538.887514253568,2942.61496947918
1961-11-01,3523.018421052631,3584.897289517457,3508.141436035412,3471,3535.142680697472,3635.879728345848,3603.2254408866406,3329.0632303282146,3440.770620132297
1961-12-01,3284.492105263157,3352.264196420526,3277.640273622488,3347,3304.737747959912,3250.9255699170017,3233.892557109286,3106.1618820762087,2868.315614858615
1962-01-01,3107.705701754385,3181.8621167200868,3137.633241051006,3333,3076.15564601926,3150.208500438561,3150.2472883936352,3041.887684798929,3263.6618590947564
1962-02-01,3090.0741228070165,3171.1059737681485,3129.428944910708,3456,3195.5659770747907,3189.123198823192,3178.43308508012,3157.8059292859944,3305.7716819711823
1962-03-01,3226.7583333333323,3314.665618155016,3275.7665517812693,3569,3234.3964745749727,3417.444311696019,3417.952678673082,3508.9694468199123,3624.987524847036
1962-04-01,3334.81096491228,3429.5936827389805,3393.698693241636,3900,3385.6157365290464,3571.028695200806,3540.239100921186,3671.23792239352,3609.8560318818236
1962-05-01,3397.705701754385,3499.363851846136,3466.699053502336,3909,3533.647455993269,3773.1212521204006,3727.192542598792,3822.944608566955,3981.4378065976143
1962-06-01,3552.1793859649115,3660.7129666255496,3631.504474668632,4098,3509.891625771568,3947.491755739718,3851.997763115905,4067.827294895929,4096.991965442615
1962-07-01,3942.389912280701,4057.798920805973,4032.2728514773657,4826,4187.395568207448,4326.364190243392,4202.481698684727,4693.263911084071,4389.702735999992
1962-08-01,5047.179385964912,5169.463816302041,5147.846289191695,5770,4986.8842161113935,4774.017682144118,4640.694589770635,5366.609942883282,5950.770968892084
1962-09-01,4297.389912280701,4426.549776342932,4409.066893074781,5108,4544.0034502285325,4692.028769418816,4583.99012092564,5154.450021952176,4581.513182102892
1962-10-01,3828.3372807017536,3964.37257547015,3951.250452600303,4360,3864.424380160159,4465.679336300493,4318.317729553967,4721.733864279409,4917.494273911452
1962-11-01,3648.81096491228,3791.721687306441,3783.186441452472,4100,3809.7151841868495,4050.528367554912,3910.008990652405,4350.547876672563,4191.060118041803
1962-12-01,3410.2846491228065,3560.0707984995624,3556.348543841817,3562,3582.957682378367,3776.160392683064,3677.5378395248895,3874.633435680257,3937.63777797273
1963-01-01,3233.498245614034,3390.650923089176,3420.037078006488,3284,3358.0551223547595,3497.242240612324,3407.4355580013053,3743.420805368858,3513.648300656736
1963-02-01,3215.866666666666,3380.87698442729,3415.5606505362243,3278,3481.177106315302,3434.0444897388074,3341.4974455372085,3596.469915140806,3366.0640619684928
1963-03-01,3352.5508771929817,3525.4188331042105,3565.658428010703,3424,3523.7513677084607,3616.794154493362,3522.718550393279,3698.887484754231,3352.6854354383468
1963-04-01,3460.603508771929,3641.329101978228,3687.383042008868,3843,3678.746504543479,3909.351561667384,3807.9399269871774,3788.856457269441,3715.623900330065
1963-05-01,3523.498245614034,3712.081475375435,3764.2081767412487,3614,3830.586209876614,4134.2672532491,4007.763259651336,3874.866653108444,3813.269454973579
1963-06-01,3677.97192982456,3874.4127944449015,3932.870674313107,3536,3810.670476511791,4280.379008414773,4080.40292805217,3987.5054007648,3763.2436580284875
1963-07-01,4068.18245614035,4272.480952915378,4337.528429461285,4505,4492.046626792515,4635.688987725589,4401.946567035039,4170.540755705464,4218.651839175753
1963-08-01,5172.971929824561,5385.128052701497,5457.023547448943,5456,5295.439593529271,5029.833476791291,4813.052522192539,5438.841554397917,5411.947992194309
1963-09-01,4423.18245614035,4643.196217032441,4722.198133539236,4881,4856.495257467188,5033.501498483392,4835.641285469419,4534.1230016725785,4750.531980127624
1963-10-01,3954.1298245614025,4182.0012204497125,4268.3679772058495,4041,4180.884728207558,4725.717307107856,4534.03449324617,4224.892197721685,4091.365542678439
1963-11-01,3774.603508771929,4010.332536576057,4104.322552132991,3724,4130.176184030959,4254.4514392657375,4098.6470972127245,3900.4483555806783,3731.3140745979535
1963-12-01,3536.077192982455,3779.663852059231,3881.5355425311927,3525,3907.451445007154,3747.763478742794,3657.273144179083,3341.972107779065,3140.95248970165
1964-01-01,3359.290789473683,3611.226180938896,3749.3072666386,3437,3686.613758756191,3445.4088768012944,3391.9876130686507,3258.504439803579,3206.6535259046295
1964-02-01,3341.659210526315,3602.434446567063,3748.946331044957,3324,3813.832727477345,3426.4491241954584,3375.169424650379,3389.293976885231,3393.356230090825
1964-03-01,3478.343421052631,3747.958499534036,3903.191902329937,3977,3860.536084619082,3619.637497236585,3548.357811377048,3465.329305208072,3430.8427254298913
1964-04-01,3586.396052631578,3864.8509726981056,4029.0966120724847,4025,4019.692428190644,4089.938932468348,4034.156887867859,4055.996800949575,4360.9715110781635
1964-05-01,3649.290789473683,3936.585550385365,4110.134144483133,4016,4175.72545124829,4043.5879997729166,3935.6203744661975,3891.072855744736,3758.1871710066735
1964-06-01,3803.76447368421,4099.899073744885,4283.041341667139,4031,4160.035146595945,4151.863201701111,3979.800076862785,4003.433157882055,3900.358922439149
1964-07-01,4193.974999999999,4498.949436505414,4691.976098361347,4489,4845.668836577112,4635.081177407609,4417.164980854935,4889.017150948133,4965.539905277963
1964-08-01,5298.76447368421,5612.578740581586,5815.780519828917,5563,5653.351454002281,4941.426806309751,4732.131226207495,5610.526096567959,5402.723004834685
1964-09-01,4548.974999999999,4871.629109202583,5085.296711333005,5709,5218.728879616576,4961.18463641044,4789.11196932906,4993.839208255449,4951.566982772554
1964-10-01,4079.922368421052,4411.4163169099065,4635.840462347294,4620,4547.472223021288,4791.198087556561,4626.783760468807,4611.948816204971,4838.696197015328
1964-11-01,3900.396052631578,4240.729837326302,4476.201246555995,4160,4501.149662497002,4333.236376682881,4157.653057790016,4419.473631015171,4269.579334655187
1964-12-01,3661.869736842104,4011.043357099529,4257.8527481696365,4012,4282.843018113474,3933.2934214184265,3795.076501892065,3886.592226805537,3924.625212688975
1965-01-01,3485.0833333333326,3843.587890269248,4130.095285426367,3987,4066.455537490755,3703.20115256024,3613.4910236277815,3701.173794999824,3888.5339559196236
1965-02-01,3467.451754385964,3835.778360187468,4134.237464915928,4155,4198.156822828119,3725.436017216542,3640.103878657565,3895.155507517573,3842.34956991129
1965-03-01,3604.13596491228,3982.2846174444926,4293.018453217996,4054,4249.374607574036,4143.036879109928,4024.208115894771,4460.723871879491,4774.484386417918
1965-04-01,3712.188596491227,4100.159294898615,4423.490881911514,4485,4413.077489737741,4231.581876654223,4089.550670374306,4488.057238938567,4061.639830868071
1965-05-01,3775.0833333333326,4172.876076875928,4509.128435207012,4558,4573.689162375497,4396.050911498625,4240.221647027616,4394.346898340462,4435.3958859854065
1965-06-01,3929.5570175438593,4337.171804525499,4686.667955209752,4462,4562.609618291232,4488.51601403337,4281.381917532498,4428.269716313418,4540.589801820224
1965-07-01,4319.767543859648,4737.204371576081,5100.267336656576,4594,5252.886179828443,4743.348048292253,4481.513252282018,5159.303705223094,4881.428193171007
1965-08-01,5424.557017543859,5851.815879942305,6228.768684810644,6481,6065.243779797624,5058.293716551852,4778.684273490579,5971.379865484803,5627.6049668611195
1965-09-01,4674.767543859648,5111.848452853355,5503.014104935111,6345,5635.328298943894,5309.064625131423,5050.542413196853,5942.584694352912,6594.601559671539
1965-10-01,4205.7149122807,4652.617864850732,5058.319386503661,5142,4968.810846868552,5125.528767615357,4857.925110834975,5245.124647457478,5224.473814237466
1965-11-01,4026.188596491228,4482.91358955718,4903.474003200508,4824,4927.259601852176,4690.961191824304,4431.77196187052,4800.60449984801,4639.745919343895
1965-12-01,3787.662280701754,4254.209313620459,4689.951639236175,4573,4713.756383964526,4420.5499587914455,4206.089709741724,4601.677349065787,4636.357872027791
1966-01-01,3610.8758771929815,4087.7360510802296,4567.052612848813,4158,4502.204440825652,4244.418913978326,4089.32985772056,4564.127198606559,4513.07858375091
1966-02-01,3593.2442982456128,4080.908725288503,4576.085530628165,4140,4638.773374634828,4071.904471084594,3902.244039821997,4314.902644845188,4284.95681131377
1966-03-01,3729.928508771929,4228.39718683558,4739.789559153905,4251,4694.89091884052,4137.355734254574,3948.1416713678186,4516.756323819856,3997.788025404745
1966-04-01,3837.981140350877,4347.254068579756,4875.217330004977,4734,4863.525671451971,4478.250306770517,4280.353412600478,4689.039323689931,4640.332178335202
1966-05-01,3900.8758771929815,4420.953054847121,4965.842527391913,4858,5029.101325525439,4673.537972806118,4460.1730042494,4737.3196016462025,4774.87247971338
1966-06-01,4055.349561403508,4586.230986786744,5148.40199341997,4798,5023.017873864848,4710.054854738728,4451.897875796189,4728.008763301079,4722.037648918204
1966-07-01,4445.560087719297,4987.245758127379,5567.053622825995,5080,5718.3226388137045,4959.920933877018,4630.997576738005,5127.123344642403,4892.520759955514
1966-08-01,5550.349561403507,6102.839470783658,6700.6395208731465,6905,6535.740553182495,5341.994597546806,5000.383181644891,6526.318903698091,6929.772142001224
1966-09-01,4800.560087719297,5363.854247984758,5980.001792824578,5504,6110.917497716346,5454.659626901843,5146.080201982923,6673.277211892168,6734.969845657073
1966-10-01,4331.50745614035,4905.605864272187,5540.456228153977,5457,5449.524582016547,5122.699352745911,4798.048667516636,4949.217420705092,4249.050665109018
1966-11-01,4151.981140350877,4736.883793268688,5390.792300545551,5198,5413.1299843636825,4948.512770941043,4677.478469913072,4777.102185386804,5100.192725004152
1966-12-01,3913.4548245614014,4509.161721622021,5182.48369420983,4890,5204.815524827511,4729.919052628777,4495.835000612568,4907.60242833056,4914.660053547132
